EXPERIMENT_ID,DEVICE,MODEL,SEQUENCES,FEATURES,NORMALIZATION,OPTIMIZER,SCHEDULER,THRESHOLD_METHOD,TERMINATION_CRITERIA,PRECISION,VOXEL_SIZE,MIOU,RECALL,F1_SCORE,ACCURACY,TP,FP,TN,FN,BEST_EPOCH,NUM_EPOCHS,DURATION
240622122617,cuda:1,MinkUNet34C,"[0, 1, 2, 3, 4, 5, 6, 7, 8, 9]","[0, 1, 2]",False,adam,plateau,pr,loss,0.11496828954270183,0.01,0.10370617301209224,0.5142506732076679,0.18792351723298018,0.7244061553518761,19288,148480,418885,18219,4,13,1:16:27.317008
240622134245,cuda:1,MinkUNet34C,"[0, 1, 2, 3, 4, 5, 6, 7, 8, 9]","[0, 1, 2]",False,adam,plateau,pr,loss,0.7798859225223798,0.05,0.5156078143822344,0.6034202703116859,0.6803974082073434,0.96873970144108,19689,5557,553523,12940,9,18,1:45:04.593344
240622152751,cuda:1,MinkUNet34C,"[0, 1, 2, 3, 4, 5, 6, 7, 8, 9]","[0, 1, 2]",False,adam,plateau,pr,loss,0.9453816536339459,0.1,0.791578037755916,0.8295137921426581,0.8836657081903347,0.9895869311086904,23817,1376,572136,4895,11,20,2:04:46.242539
240622173239,cuda:1,MinkUNet34C,"[0, 1, 2, 3, 4, 5, 6, 7, 8, 9]","[0, 1, 2]",False,adam,plateau,pr,loss,0.9828425332676195,0.15,0.880678995307756,0.8944299610349564,0.936554295023262,0.9925696754067085,31907,557,545575,3766,6,15,1:34:05.382151
240622190645,cuda:1,MinkUNet34C,"[0, 1, 2, 3, 4, 5, 6, 7, 8, 9]","[4, 5, 6]",False,adam,plateau,pr,loss,0.37936543528224675,0.01,0.2483577378986385,0.4183279245866172,0.3978951391236606,0.9354976364512442,13535,22143,580564,18820,5,14,1:21:42.970492
240622202829,cuda:1,MinkUNet34C,"[0, 1, 2, 3, 4, 5, 6, 7, 8, 9]","[4, 5, 6]",False,adam,plateau,pr,loss,0.8189036261864201,0.05,0.6342836946277097,0.7377696165757667,0.7762222638734699,0.9731582042058661,26919,5953,535800,9568,17,26,2:27:55.623561
240622225626,cuda:1,MinkUNet34C,"[0, 1, 2, 3, 4, 5, 6, 7, 8, 9]","[4, 5, 6]",False,adam,plateau,pr,loss,0.9642067406993415,0.1,0.8657328620674608,0.8944793850454228,0.9280351755268142,0.9903314548222537,39680,1473,590663,4681,21,30,3:05:34.165057
240623020201,cuda:1,MinkUNet34C,"[0, 1, 2, 3, 4, 5, 6, 7, 8, 9]","[4, 5, 6]",False,adam,plateau,pr,loss,0.8811067663218334,0.15,0.8199069596057298,0.9219017038686623,0.9010427211986233,0.9929779190574967,17801,2402,535104,1508,24,33,3:19:18.210710
240623052120,cuda:1,MinkUNet34C,"[0, 1, 2, 3, 4, 5, 6, 7, 8, 9]","[0, 1, 2, 4, 5, 6]",False,adam,plateau,pr,loss,0.1253612379975762,0.01,0.10515306720882042,0.3947889908256881,0.19029593334866363,0.8599225481090692,10758,75058,551259,16492,14,23,2:08:46.487310
240623073008,cuda:1,MinkUNet34C,"[0, 1, 2, 3, 4, 5, 6, 7, 8, 9]","[0, 1, 2, 4, 5, 6]",False,adam,plateau,pr,loss,0.7228392841082831,0.05,0.5737716621156146,0.7356077246933919,0.7291676117033341,0.9625327497215294,32149,12327,581379,11555,10,19,1:51:25.972609
240623092135,cuda:1,MinkUNet34C,"[0, 1, 2, 3, 4, 5, 6, 7, 8, 9]","[0, 1, 2, 4, 5, 6]",False,adam,plateau,pr,loss,0.9470615034168565,0.1,0.873274147926177,0.9180897420798493,0.9323506107132713,0.9922742413817242,31182,1743,549996,2782,16,25,2:40:32.745351
240623120209,cuda:1,MinkUNet34C,"[0, 1, 2, 3, 4, 5, 6, 7, 8, 9]","[0, 1, 2, 4, 5, 6]",False,adam,plateau,pr,loss,0.9461363492765528,0.15,0.8306706606756532,0.8719031121721157,0.9075042043543476,0.9903511516979128,29949,1705,596664,4400,23,32,3:18:12.668063
240623152022,cuda:1,MinkUNet34C,"[0, 1, 2, 3, 4, 5, 6, 7, 8, 9]","[0, 1, 2, 7]",False,adam,plateau,pr,loss,0.5476435045317221,0.01,0.4080727583800455,0.6155596305351807,0.5796188527211102,0.9598986714738237,18127,14973,611268,11321,7,16,1:32:42.491014
240623165306,cuda:1,MinkUNet34C,"[0, 1, 2, 3, 4, 5, 6, 7, 8, 9]","[0, 1, 2, 7]",False,adam,plateau,pr,loss,0.9225431983454533,0.05,0.8173301415610131,0.8775503728383309,0.899484494170068,0.9898232529039375,27656,2322,573528,3859,18,27,2:34:11.487707
240623192718,cuda:1,MinkUNet34C,"[0, 1, 2, 3, 4, 5, 6, 7, 8, 9]","[0, 1, 2, 7]",False,adam,plateau,pr,loss,0.9802357836338419,0.1,0.894579811039284,0.9110118773593592,0.9443569553805775,0.9919060799847285,39578,798,531993,3866,11,20,2:12:39.015152
240623213958,cuda:1,MinkUNet34C,"[0, 1, 2, 3, 4, 5, 6, 7, 8, 9]","[0, 1, 2, 7]",False,adam,plateau,pr,loss,0.9509653330812676,0.15,0.9093415284494057,0.954076673226013,0.9525184624124219,0.9933578578263705,40242,2075,559768,1937,27,36,3:43:30.419267
240624012447,cuda:1,MinkUNet34C,"[0, 1, 2, 3, 4, 5, 6, 7, 8, 9]",[7],False,adam,plateau,pr,loss,0.4180548704132357,0.01,0.3548490997519889,0.7012284386735408,0.5238208444275391,0.9342123630176917,22034,30672,546835,9388,15,24,2:13:40.842696
240624033829,cuda:1,MinkUNet34C,"[0, 1, 2, 3, 4, 5, 6, 7, 8, 9]",[7],False,adam,plateau,pr,loss,0.8845672720533728,0.05,0.8005241090146751,0.8939064072851558,0.8892123187983932,0.9841416930971781,38185,4983,552301,4532,13,22,2:07:13.917968
240624054544,cuda:1,MinkUNet34C,"[0, 1, 2, 3, 4, 5, 6, 7, 8, 9]",[7],False,adam,plateau,pr,loss,0.9425647158131683,0.1,0.8327325834317321,0.8772463910438967,0.9087333208999507,0.9916454167746621,26799,1633,612135,3750,7,16,1:48:55.810846
240624073441,cuda:1,MinkUNet34C,"[0, 1, 2, 3, 4, 5, 6, 7, 8, 9]",[7],False,adam,plateau,pr,loss,0.970065425865623,0.15,0.9173117125261314,0.9440341900220955,0.9568727990687942,0.9948737976980252,32471,1002,535590,1925,21,30,3:09:02.183772
240624105151,cuda:1,MinkUNet34C,"[0, 1, 2, 3, 4, 5, 6, 7, 8, 9]","[0, 1, 2]",False,adam,plateau,roc,loss,0.34789699840040145,0.05,0.32606906283071374,0.838630005796517,0.49178292740600615,0.8943628764827766,33276,62373,549007,6403,6,15,1:28:28.870595
240624122022,cuda:1,MinkUNet34C,"[0, 1, 2, 3, 4, 5, 6, 7, 8, 9]","[0, 1, 2]",False,adam,plateau,roc,loss,0.7413557076617355,0.1,0.6965830584427709,0.9202181598925645,0.821159983858542,0.9759000606412149,33576,11714,558647,2911,5,14,1:31:27.292531
240624135150,cuda:1,MinkUNet34C,"[0, 1, 2, 3, 4, 5, 6, 7, 8, 9]","[0, 1, 2]",False,adam,plateau,roc,loss,0.6792290937891888,0.15,0.6316080196399345,0.9000874635568513,0.7742153900166765,0.9694821438255871,30873,14580,541168,3427,11,20,2:01:44.039754
240624155335,cuda:1,MinkUNet34C,"[0, 1, 2, 3, 4, 5, 6, 7, 8, 9]","[4, 5, 6]",False,adam,plateau,roc,loss,0.3667479899527684,0.05,0.35758143895008204,0.9346687494257099,0.5267918795746444,0.9101005678566568,30516,52691,524497,2133,18,27,2:31:45.925549
240624182522,cuda:1,MinkUNet34C,"[0, 1, 2, 3, 4, 5, 6, 7, 8, 9]","[4, 5, 6]",False,adam,plateau,roc,loss,0.7714621141711099,0.1,0.7522178765620529,0.967902295323432,0.8585894329967063,0.9831870493352493,31542,9344,576044,1046,27,36,3:37:57.808148
240627170634,cuda:1,MinkUNet34C,"[0, 1, 2, 3, 4, 5, 6, 7, 8, 9]","[4, 5, 6]",False,adam,plateau,roc,loss,0.8752558157000432,0.15,0.8555147733529088,0.9743134222296534,0.9221319987735765,0.9870357196962212,46617,6644,552794,1229,11,20,2:17:15.081567
240627192350,cuda:1,MinkUNet34C,"[0, 1, 2, 3, 4, 5, 6, 7, 8, 9]","[0, 1, 2, 4, 5, 6]",False,adam,plateau,roc,loss,0.49694924055562767,0.05,0.4598129157219862,0.8602005561641527,0.6299614296734379,0.9402872360377825,30624,31000,535900,4977,11,20,2:19:50.653578
240627214342,cuda:1,MinkUNet34C,"[0, 1, 2, 3, 4, 5, 6, 7, 8, 9]","[0, 1, 2, 4, 5, 6]",False,adam,plateau,roc,loss,0.8076001369394044,0.1,0.7773933102652826,0.9540950455005056,0.8747566515249839,0.9837761148452753,33026,7868,540423,1589,13,22,2:49:53.969578
240628003337,cuda:1,MinkUNet34C,"[0, 1, 2, 3, 4, 5, 6, 7, 8, 9]","[0, 1, 2, 4, 5, 6]",False,adam,plateau,roc,loss,0.6406444234498533,0.15,0.6063772208495117,0.9189401233907493,0.75496242473961,0.9716756046471854,25768,14454,548056,2273,10,19,2:26:19.310920
240628025957,cuda:1,MinkUNet34C,"[0, 1, 2, 3, 4, 5, 6, 7, 8, 9]","[0, 1, 2, 7]",False,adam,plateau,roc,loss,0.7015435167970946,0.05,0.6731383530387887,0.9432624113475178,0.8046415908358334,0.9712396446842256,32452,13806,499697,1952,19,28,3:14:32.763361
240628061431,cuda:1,MinkUNet34C,"[0, 1, 2, 3, 4, 5, 6, 7, 8, 9]","[0, 1, 2, 7]",False,adam,plateau,roc,loss,0.9463111839127529,0.1,0.9209825267971389,0.9717586649550706,0.9588661155941863,0.993582710968164,43906,2491,539335,1276,14,23,2:42:02.689894
240628195052,cuda:1,MinkUNet34C,"[0, 1, 2, 3, 4, 5, 6, 7, 8, 9]","[0, 1, 2, 7]",False,adam,plateau,roc,loss,0.602156477767074,0.15,0.5752406687161865,0.9278977811642081,0.7303527392865051,0.948393212222803,5411897,3575629,68026718,420531,9,18,2:10:20.702403
240628220115,cuda:1,MinkUNet34C,"[0, 1, 2, 3, 4, 5, 6, 7, 8, 9]",[7],False,adam,plateau,roc,loss,0.4480138000374835,0.05,0.432051443657443,0.923817319305099,0.6034021271665891,0.9085311993222683,5388098,6638536,64963811,444330,6,15,1:49:08.862090
240628235025,cuda:1,MinkUNet34C,"[0, 1, 2, 3, 4, 5, 6, 7, 8, 9]",[7],False,adam,plateau,roc,loss,0.7203905579054878,0.1,0.6883421912688344,0.9392935497874985,0.8154060176053846,0.9679676863528046,5478362,2126349,69475998,354066,9,18,2:12:02.923008
240629020228,cuda:1,MinkUNet34C,"[0, 1, 2, 3, 4, 5, 6, 7, 8, 9]",[7],False,adam,plateau,roc,loss,0.7207655419615675,0.15,0.6890856754100763,0.9400398941915785,0.8159274398473364,0.9680532164005126,5482715,2124079,69478268,349713,35,44,4:59:22.072312
240629070152,cuda:1,MinkUNet34C,"[0, 1, 2, 3, 4, 5, 6, 7, 8, 9]","[0, 1, 2]",False,adam,plateau,pr,precision,0.642814643412877,0.05,0.41775175148237803,0.5440377489443504,0.5893157967120599,0.9428873526138611,3173061,1763138,69839209,2659367,4,13,1:37:12.018625
240629083905,cuda:1,MinkUNet34C,"[0, 1, 2, 3, 4, 5, 6, 7, 8, 9]","[0, 1, 2]",False,adam,plateau,pr,precision,0.9216296758426611,0.1,0.7507089732872605,0.8018991404608853,0.8576056726066513,0.9799429003312788,4677019,397708,71204639,1155409,18,27,3:14:02.941960
240629115308,cuda:1,MinkUNet34C,"[0, 1, 2, 3, 4, 5, 6, 7, 8, 9]","[0, 1, 2]",False,adam,plateau,pr,precision,0.9145862889945847,0.15,0.7341479193752416,0.7881880410696883,0.8466958454613628,0.9785019198415699,4597050,429321,71173026,1235378,9,18,2:12:16.487211
240629140526,cuda:1,MinkUNet34C,"[0, 1, 2, 3, 4, 5, 6, 7, 8, 9]","[4, 5, 6]",False,adam,plateau,pr,precision,0.7105148299650229,0.05,0.5495569856233565,0.7081062980974647,0.7093085194311591,0.9562841501121427,4129979,1682678,69919669,1702449,19,28,3:14:11.014978
240629171938,cuda:1,MinkUNet34C,"[0, 1, 2, 3, 4, 5, 6, 7, 8, 9]","[4, 5, 6]",False,adam,plateau,pr,precision,0.9345894408022213,0.1,0.7957688124289435,0.8427029017760699,0.886270890686193,0.9837099287755404,4915004,343994,71258353,917424,33,35,4:10:28.569546
240629213008,cuda:1,MinkUNet34C,"[0, 1, 2, 3, 4, 5, 6, 7, 8, 9]","[4, 5, 6]",False,adam,plateau,pr,precision,0.9304501457770161,0.15,0.7917473476106074,0.8415520945993675,0.8837711953824802,0.9833275940945138,4908292,366888,71235459,924136,13,22,2:30:29.307384
240630000043,cuda:1,MinkUNet34C,"[0, 1, 2, 3, 4, 5, 6, 7, 8, 9]","[0, 1, 2, 4, 5, 6]",False,adam,plateau,pr,precision,0.6872568297833241,0.05,0.4305255795928502,0.5354229833613033,0.6019124519470451,0.9466559953199322,3122816,1421069,70181278,2709612,6,15,3:35:32.035193
240630033617,cuda:1,MinkUNet34C,"[0, 1, 2, 3, 4, 5, 6, 7, 8, 9]","[0, 1, 2, 4, 5, 6]",False,adam,plateau,pr,precision,0.9273214653660888,0.1,0.7686517311241423,0.8179259135303514,0.869195124848681,0.9814576848709123,4770494,373886,71228461,1061934,15,21,16:43:38.440091
240701170828,cuda:1,MinkUNet34C,"[0, 1, 2, 3, 4, 5, 6, 7, 8, 9]","[0, 1, 2, 7]",False,adam,plateau,pr,precision,0.8458412170233938,0.05,0.6721739150058789,0.7660163143034084,0.8039521594899602,0.9718607047027643,4467735,814267,70788080,1364693,7,11,1:23:01.235438
240701183131,cuda:1,MinkUNet34C,"[0, 1, 2, 3, 4, 5, 6, 7, 8, 9]","[0, 1, 2, 7]",False,adam,plateau,pr,precision,0.9317538497603658,0.1,0.7981926150016506,0.847755343057814,0.8877720977637515,0.9838559226135802,4944472,362157,71240190,887956,17,21,2:29:52.469581
240701210124,cuda:1,MinkUNet34C,"[0, 1, 2, 3, 4, 5, 6, 7, 8, 9]","[0, 1, 2, 7]",False,adam,plateau,pr,precision,0.9268680862440406,0.15,0.7944982580961806,0.8476344671550168,0.8854823397143666,0.983486295401517,4943767,390074,71212273,888661,14,15,1:48:38.839396
240701225004,cuda:1,MinkUNet34C,"[0, 1, 2, 3, 4, 5, 6, 7, 8, 9]",[7],False,adam,plateau,pr,precision,0.8105578871602386,0.05,0.6593463794070673,0.779462515439539,0.7947061416347213,0.9696675169521703,4546159,1062520,70539827,1286269,14,16,1:53:35.001116
240702004340,cuda:1,MinkUNet34C,"[0, 1, 2, 3, 4, 5, 6, 7, 8, 9]",[7],False,adam,plateau,pr,precision,0.9489813510944104,0.1,0.8277981848867693,0.8663541153015519,0.9057872928548188,0.9864255562181203,5052948,271654,71330693,779480,22,23,2:43:29.898009
240702032711,cuda:1,MinkUNet34C,"[0, 1, 2, 3, 4, 5, 6, 7, 8, 9]",[7],False,adam,plateau,pr,precision,0.9262773088566308,0.15,0.8170799387377763,0.8739118596920528,0.8993329586868435,0.9852640625610393,5097028,405674,71196673,735400,13,14,1:43:10.247922
240702051022,cuda:1,MinkUNet34C,"[0, 1, 2, 3, 4, 5, 6, 7, 8, 9]","[0, 1, 2]",False,adam,plateau,roc,precision,0.36444674172031355,0.05,0.3392980290385046,0.8309952561780446,0.5066803977634313,0.8781189588269611,4846720,8452123,63150224,985708,11,15,1:48:02.792895
240702065826,cuda:1,MinkUNet34C,"[0, 1, 2, 3, 4, 5, 6, 7, 8, 9]","[0, 1, 2]",False,adam,plateau,roc,precision,0.6850374420781785,0.1,0.6305025165580007,0.8878926580833917,0.773384291229424,0.9608079057503557,5178570,2380973,69221374,653858,15,19,2:19:30.452000
240702172533,cuda:1,MinkUNet34C,"[0, 1, 2, 3, 4, 5, 6, 7, 8, 9]","[0, 1, 2]",False,adam,plateau,roc,precision,0.6467503676283414,0.15,0.6031850178592041,0.8995438949267783,0.7524833517527013,0.9554268608645147,5246525,2865608,68736739,585903,10,14,1:42:27.350445
240702190802,cuda:1,MinkUNet34C,"[0, 1, 2, 3, 4, 5, 6, 7, 8, 9]","[4, 5, 6]",False,adam,plateau,roc,precision,0.459952354218735,0.05,0.437089410263143,0.8978891809723155,0.6082981436528828,0.9129025944738652,5236874,6148814,65453533,595554,17,21,2:25:52.935395
240702213356,cuda:1,MinkUNet34C,"[0, 1, 2, 3, 4, 5, 6, 7, 8, 9]","[4, 5, 6]",False,adam,plateau,roc,precision,0.6998003368958002,0.1,0.6727020721779837,0.9455700096083484,0.8043298126630225,0.9653480622885519,5514969,2365806,69236541,317459,13,17,2:04:31.040147
240702233828,cuda:1,MinkUNet34C,"[0, 1, 2, 3, 4, 5, 6, 7, 8, 9]","[4, 5, 6]",False,adam,plateau,roc,precision,0.7217578399043223,0.15,0.6892116385789328,0.9385909264546429,0.816015735196733,0.9681212091079234,5474264,2110363,69491984,358164,19,23,2:40:45.906726
240703021915,cuda:1,MinkUNet34C,"[0, 1, 2, 3, 4, 5, 6, 7, 8, 9]","[0, 1, 2, 4, 5, 6]",False,adam,plateau,roc,precision,0.3353033838660168,0.05,0.3160961291623588,0.8465817323420023,0.48035416586711044,0.8620384316994528,4937627,9788222,61814125,894801,5,8,1:04:24.918181
240703032341,cuda:1,MinkUNet34C,"[0, 1, 2, 3, 4, 5, 6, 7, 8, 9]","[0, 1, 2, 4, 5, 6]",False,adam,plateau,roc,precision,0.6113238771658785,0.1,0.5688427646551383,0.8911377902993401,0.7251749856272957,0.949125325152685,5197497,3304538,68297809,634931,5,9,1:12:54.549327
240703043636,cuda:1,MinkUNet34C,"[0, 1, 2, 3, 4, 5, 6, 7, 8, 9]","[0, 1, 2, 4, 5, 6]",False,adam,plateau,roc,precision,0.6491037755784439,0.15,0.6033211408588387,0.8953302123918203,0.7525892667212787,0.9556608771704961,5221949,2822911,68779436,610479,12,16,1:57:05.322364
240703063343,cuda:1,MinkUNet34C,"[0, 1, 2, 3, 4, 5, 6, 7, 8, 9]","[0, 1, 2, 7]",False,adam,plateau,roc,precision,0.5139404888910333,0.05,0.4825305333617565,0.8875814669293818,0.650955272088164,0.9283062164253721,5176755,4895919,66706428,655673,21,25,2:52:27.040522
240704205722,cuda:0,PointNetBinSeg,"[0, 1, 2, 3, 4, 5, 6, 7, 8, 9]","[0, 1, 2]",False,adam,plateau,pr,loss,0.7961382432247022,0.1,0.6588569124686207,0.7925707761171089,0.7943505042736275,0.9681001757028113,2454495,628506,36114616,642383,24,33,2:13:55.501377
240706111435,cuda:1,MinkUNet34C,"[0, 1, 2, 3, 4, 5, 6, 7, 8, 9]","[0, 1, 2, 7]",False,adam,plateau,roc,precision,0.6966887639195489,0.1,0.6644222562306424,0.9348364659290815,0.7983818454042254,0.9639937853805894,5487290,2388953,68712668,382496,13,18,3:30:50.979996
240706144528,cuda:1,MinkUNet34C,"[0, 1, 2, 3, 4, 5, 6, 7, 8, 9]","[0, 1, 2, 7]",False,adam,plateau,roc,precision,0.7001171533963292,0.15,0.655350246835305,0.9111042549081005,0.791796477015305,0.9634602625881582,5347987,2290716,68810905,521799,21,28,5:16:00.101566
240706200134,cuda:1,MinkUNet34C,"[0, 1, 2, 3, 4, 5, 6, 7, 8, 9]",[7],False,adam,plateau,roc,precision,0.5446197218890083,0.05,0.5186221633094695,0.9157153259079632,0.6830167184960058,0.9351830868831591,5375053,4494316,66607305,494733,8,17,2:43:01.380654
240706224436,cuda:1,MinkUNet34C,"[0, 1, 2, 3, 4, 5, 6, 7, 8, 9]",[7],False,adam,plateau,roc,precision,0.7711622360237361,0.1,0.7362910550717058,0.9421389468031713,0.8481193898004598,0.9742674315411696,5530154,1641040,69460581,339632,26,35,5:17:02.144561
240707040139,cuda:1,MinkUNet34C,"[0, 1, 2, 3, 4, 5, 6, 7, 8, 9]",[7],False,adam,plateau,roc,precision,0.7449799341956743,0.15,0.7056831879489949,0.930450275359272,0.8274493093849935,0.9704068421147609,5461544,1869585,69232036,408242,22,27,4:09:13.207465
240707081054,cuda:1,MinkUNet34C,"[0, 1, 2, 3, 4, 5, 6, 7, 8, 9]","[0, 1, 2]",False,adam,plateau,pr,miou,0.5906396547565395,0.05,0.4496791848016328,0.6532839527710209,0.6203844126563283,0.9390311521783667,3834637,2657709,68443912,2035149,10,19,3:01:19.137609
240707111214,cuda:1,MinkUNet34C,"[0, 1, 2, 3, 4, 5, 6, 7, 8, 9]","[0, 1, 2]",False,adam,plateau,pr,miou,0.9138774413496218,0.1,0.755604646412126,0.813534087954825,0.8607913495288719,0.9799337174647204,4775271,450015,70651606,1094515,18,27,4:11:10.172339
240707152325,cuda:1,MinkUNet34C,"[0, 1, 2, 3, 4, 5, 6, 7, 8, 9]","[0, 1, 2]",False,adam,plateau,pr,miou,0.9044548264723644,0.15,0.7438792160913351,0.807320232798947,0.8531315807050421,0.9788026740890939,4738797,500599,70601022,1130989,22,26,4:08:16.212511
240707193142,cuda:1,MinkUNet34C,"[0, 1, 2, 3, 4, 5, 6, 7, 8, 9]","[4, 5, 6]",False,adam,plateau,pr,miou,0.7078969197496037,0.05,0.5540253358854517,0.7182171547650971,0.7130196954862121,0.9559111086536329,4215781,1739579,69362042,1654005,16,25,3:52:54.991471
240707232438,cuda:1,MinkUNet34C,"[0, 1, 2, 3, 4, 5, 6, 7, 8, 9]","[4, 5, 6]",False,adam,plateau,pr,miou,0.9196672215254735,0.1,0.8088768483076759,0.870373298106609,0.8943415347091581,0.9843169944912141,5108905,446262,70655359,760881,20,23,3:35:49.359468
240708030028,cuda:1,MinkUNet34C,"[0, 1, 2, 3, 4, 5, 6, 7, 8, 9]","[4, 5, 6]",False,adam,plateau,pr,miou,0.9432564563294394,0.15,0.8040877417195985,0.8449597651430564,0.8914064689039658,0.9843004558822732,4959733,298363,70803258,910053,20,23,3:35:56.032619
240708063626,cuda:1,MinkUNet34C,"[0, 1, 2, 3, 4, 5, 6, 7, 8, 9]","[0, 1, 2, 4, 5, 6]",False,adam,plateau,pr,miou,0.6783710806040653,0.05,0.5056402276529625,0.6650831904263631,0.6716614213226354,0.9504127162440983,3903896,1850913,69250708,1965890,16,25,4:10:35.304960
240708111944,cuda:1,MinkUNet34C,"[0, 1, 2, 3, 4, 5, 6, 7, 8, 9]","[0, 1, 2, 4, 5, 6]",False,adam,plateau,pr,miou,0.910378348196868,0.1,0.7502977332259483,0.810136533189951,0.8573372620932158,0.979692315242086,4725063,465156,71137191,1107365,17,23,2:33:14.557439
240708135300,cuda:1,MinkUNet34C,"[0, 1, 2, 3, 4, 5, 6, 7, 8, 9]","[0, 1, 2, 4, 5, 6]",False,adam,plateau,pr,miou,0.8945739282041391,0.15,0.745617545612854,0.8174478964849631,0.854273660902144,0.9789939468410672,4767706,561877,71040470,1064722,22,25,2:43:35.387102
240708164504,cuda:0,PointNet2BinSeg,"[0, 1, 2, 3, 4, 5, 6, 7, 8, 9]","[0, 1, 2]",False,adam,plateau,pr,loss,0.1836492885231478,0.1,0.14139616852861006,0.38063828342774025,0.24776001957477373,0.8273779367469879,1132558,5034403,31830179,1842860,4,13,1:50:07.545967
240708164343,cuda:1,MinkUNet34C,"[0, 1, 2, 3, 4, 5, 6, 7, 8, 9]","[0, 1, 2, 7]",False,adam,plateau,pr,miou,0.8268985065218651,0.05,0.6870762958802696,0.8025011196023337,0.814517159132714,0.9724708698385189,4680530,979814,70622533,1151898,25,25,2:38:55.811162
240708183512,cuda:0,PointNet2BinSeg,"[0, 1, 2, 3, 4, 5, 6, 7, 8, 9]","[4, 5, 6]",False,adam,plateau,pr,loss,0.7594822684569672,0.1,0.5928912969654087,0.7299465150778814,0.7444215409989572,0.962566967871486,2171896,687810,36176772,803522,13,22,2:56:35.728825
240708192240,cuda:1,MinkUNet34C,"[0, 1, 2, 3, 4, 5, 6, 7, 8, 9]","[0, 1, 2, 7]",False,adam,plateau,pr,miou,0.9417215309744215,0.1,0.8313008609390753,0.876386643778543,0.9078801617695863,0.9866043518561266,5111462,316323,71286024,720966,29,31,3:28:01.076406
240708213149,cuda:0,PointNet2BinSeg,"[0, 1, 2, 3, 4, 5, 6, 7, 8, 9]","[0, 1, 2, 4, 5, 6]",False,adam,plateau,pr,loss,0.6780238225677707,0.1,0.5123932725940145,0.6771619987510998,0.6775926366231078,0.9518731425702811,2014840,956796,35907786,960578,13,22,2:57:07.014124
240708225042,cuda:1,MinkUNet34C,"[0, 1, 2, 3, 4, 5, 6, 7, 8, 9]","[0, 1, 2, 7]",False,adam,plateau,pr,miou,0.904021597651904,0.15,0.7901636012281127,0.8625207203586568,0.8827836748395886,0.982747712510303,5030590,534089,71068258,801838,23,25,2:46:11.497549
240709013654,cuda:1,MinkUNet34C,"[0, 1, 2, 3, 4, 5, 6, 7, 8, 9]",[7],False,adam,plateau,pr,miou,0.808867766144107,0.05,0.6612921775396938,0.7837636401169461,0.7961178490818401,0.9697635849009699,4571245,1080167,70522180,1261183,15,24,2:28:13.487654
240709040508,cuda:1,MinkUNet34C,"[0, 1, 2, 3, 4, 5, 6, 7, 8, 9]",[7],False,adam,plateau,pr,miou,0.9381530697941275,0.1,0.8232574482733795,0.8705017875917199,0.9030622077567843,0.9859237015927276,5077139,334706,71267641,755289,19,23,2:34:45.140589
240709063955,cuda:1,MinkUNet34C,"[0, 1, 2, 3, 4, 5, 6, 7, 8, 9]",[7],False,adam,plateau,pr,miou,0.9259453702974707,0.15,0.8231734350204085,0.8811865315782724,0.903011660008302,0.985742697644566,5139457,411040,71191307,692971,23,25,2:43:04.035289
240709171341,cuda:1,MinkUNet34C,"[0, 1, 2, 3, 4, 5, 6, 7, 8, 9]","[0, 1, 2]",False,adam,plateau,roc,miou,0.3703460914685635,0.05,0.34142584709935797,0.8138572820787501,0.5090491551771462,0.8817585122446601,4746764,8070339,63532008,1085664,16,25,2:37:05.002152
240709195047,cuda:1,MinkUNet34C,"[0, 1, 2, 3, 4, 5, 6, 7, 8, 9]","[0, 1, 2]",False,adam,plateau,roc,miou,0.6948943506621326,0.1,0.6335236523326959,0.8776507828300667,0.7756528672578628,0.9617599715373357,5118835,2247515,69354832,713593,20,29,3:14:04.690044
240709230453,cuda:1,MinkUNet34C,"[0, 1, 2, 3, 4, 5, 6, 7, 8, 9]","[0, 1, 2]",False,adam,plateau,roc,miou,0.6585935104765184,0.15,0.6075587619794075,0.8868833014312393,0.7558775160807343,0.9568514533683349,5172683,2681453,68920894,659745,21,28,3:02:39.667851
240710020734,cuda:1,MinkUNet34C,"[0, 1, 2, 3, 4, 5, 6, 7, 8, 9]","[4, 5, 6]",False,adam,plateau,roc,miou,0.44039219894527265,0.05,0.422120031862153,0.910505367575905,0.593648950024873,0.9061147139641073,5310457,6748015,64854332,521971,18,20,2:08:25.087137
240710041559,cuda:1,MinkUNet34C,"[0, 1, 2, 3, 4, 5, 6, 7, 8, 9]","[4, 5, 6]",False,adam,plateau,roc,miou,0.6911156974584322,0.1,0.6672739335589618,0.950842256432484,0.8004370729105077,0.9642887966033349,5545719,2478580,69123767,286709,20,21,2:25:18.771322
240710064119,cuda:1,MinkUNet34C,"[0, 1, 2, 3, 4, 5, 6, 7, 8, 9]","[4, 5, 6]",False,adam,plateau,roc,miou,0.7024543015996941,0.15,0.6749583808335244,0.9451861214574788,0.8059404801421263,0.9657159073555777,5512730,2335083,69267264,319698,23,32,3:28:25.329970
240710100946,cuda:1,MinkUNet34C,"[0, 1, 2, 3, 4, 5, 6, 7, 8, 9]","[0, 1, 2, 4, 5, 6]",False,adam,plateau,roc,miou,0.38620109494050425,0.05,0.36011779325790366,0.8420736612607991,0.5295391252772452,0.8873013061638004,4911334,7805704,63796643,921094,30,31,3:14:17.110638
240710132404,cuda:1,MinkUNet34C,"[0, 1, 2, 3, 4, 5, 6, 7, 8, 9]","[0, 1, 2, 4, 5, 6]",False,adam,plateau,roc,miou,0.6751365595983175,0.1,0.6280868222366531,0.9001266710879243,0.771564284727509,0.9598543161002275,5249924,2526168,69076179,582504,18,27,3:06:06.367869
240710163017,cuda:1,MinkUNet34C,"[0, 1, 2, 3, 4, 5, 6, 7, 8, 9]","[0, 1, 2, 4, 5, 6]",False,adam,plateau,roc,miou,0.6580721322831175,0.15,0.6164458034354534,0.9069370423432573,0.7627175648268728,0.9574967319269669,5289645,2748448,68853899,542783,15,24,2:43:22.846519
240711072529,cuda:1,PointNet2BinSeg,"[0, 1, 2, 3, 4, 5, 6, 7, 8, 9]",[7],False,adam,plateau,pr,loss,0.836201075795404,0.1,0.698627685812322,0.8093935247045573,0.8225789461075722,0.9728592369477912,2506593,491003,36252119,590285,21,30,4:15:39.797214
240711114110,cuda:1,PointNet2BinSeg,"[0, 1, 2, 3, 4, 5, 6, 7, 8, 9]","[0, 1, 2]",False,adam,plateau,roc,loss,0.14965301610231718,0.1,0.1410417648426921,0.7102401192426695,0.2472157798047587,0.6637716867469879,2199527,12497985,24245137,897351,11,20,2:54:56.600372
240711143607,cuda:1,PointNet2BinSeg,"[0, 1, 2, 3, 4, 5, 6, 7, 8, 9]","[4, 5, 6]",False,adam,plateau,roc,loss,0.41373494807385874,0.1,0.38909378651685717,0.8672514706746601,0.5602124065251305,0.8941550702811245,2685772,3805756,32937366,411106,13,22,3:10:44.845715
240711174653,cuda:1,PointNet2BinSeg,"[0, 1, 2, 3, 4, 5, 6, 7, 8, 9]","[0, 1, 2, 4, 5, 6]",False,adam,plateau,roc,loss,0.4327836163201684,0.1,0.4098323265853945,0.8854268718367336,0.581391586583925,0.9008879016064257,2742059,3593807,33149315,354819,18,27,3:49:57.367004
240710191340,cuda:1,MinkUNet34C,"[0, 1, 2, 3, 4, 5, 6, 7, 8, 9]","[0, 1, 2, 7]",False,adam,plateau,roc,miou,0.5540620228964076,0.05,0.527160407060624,0.9156639396148568,0.6903798770887035,0.9381384913948546,5340544,4298348,67303999,491884,21,30,3:07:38.698856
240710222120,cuda:1,MinkUNet34C,"[0, 1, 2, 3, 4, 5, 6, 7, 8, 9]","[0, 1, 2, 7]",False,adam,plateau,roc,miou,0.7561357513822952,0.1,0.7154505568858445,0.9300536586135311,0.8341255351417912,0.9721388226413779,5424471,1749467,69852880,407957,24,33,3:45:09.771238
240711020631,cuda:1,MinkUNet34C,"[0, 1, 2, 3, 4, 5, 6, 7, 8, 9]","[0, 1, 2, 7]",False,adam,plateau,roc,miou,0.7208459909742353,0.15,0.6797849088297959,0.9226840005568864,0.809371372794819,0.9672631708428158,5381488,2084029,69518318,450940,16,25,2:53:37.593151
240711050010,cuda:1,MinkUNet34C,"[0, 1, 2, 3, 4, 5, 6, 7, 8, 9]",[7],False,adam,plateau,roc,miou,0.5474071188591444,0.05,0.5211807379978387,0.9158127627122015,0.6852318399506047,0.9366271420043514,5341412,4416247,67186100,491016,13,21,2:17:52.428930
240711071803,cuda:1,MinkUNet34C,"[0, 1, 2, 3, 4, 5, 6, 7, 8, 9]",[7],False,adam,plateau,roc,miou,0.7719330087834764,0.1,0.7352070178009822,0.9392211957010014,0.8473997745038004,0.9745212535324084,5477940,1618453,69983894,354488,19,28,3:16:41.634468
240711103446,cuda:1,MinkUNet34C,"[0, 1, 2, 3, 4, 5, 6, 7, 8, 9]",[7],False,adam,plateau,roc,miou,0.7483603990929429,0.15,0.7083559245678516,0.9298302525123328,0.8292837743950089,0.9711650870038687,5423168,1823565,69778782,409260,7,16,1:55:39.510348
240712115539,cuda:1,PointTransformerV3,"[0, 1, 2, 3, 4, 5, 6, 7, 8, 9]","[0, 1, 2]",False,adam,plateau,pr,loss,,0.1,,,,,,,,,,8,5:02:53.303978
240719132447,cuda:1,PointNet2BinSeg,"[0, 1, 2, 3, 4, 5, 6, 7, 8, 9]","[0, 1, 2]",True,adam,plateau,pr,precision,0.605947948191542,0.1,0.4348211849792511,0.6062482926353573,0.6060980832054539,0.9387465612449799,1877477,1220936,35522186,1219401,15,24,3:23:00.215390
240719164748,cuda:1,PointNet2BinSeg,"[0, 1, 2, 3, 4, 5, 6, 7, 8, 9]","[0, 1, 2]",True,adam,plateau,pr,precision,0.6650585447870695,0.1,0.4875141332542042,0.6461636525558966,0.6554749596733974,0.9471990210843374,2001090,1007803,35735319,1095788,21,30,4:10:04.013758
240720131944,cuda:1,PointNet2BinSeg,"[0, 1, 2, 3, 4, 5, 6, 7, 8, 9]","[0, 1, 2, 7]",True,adam,plateau,roc,loss,0.5689756739179795,0.1,0.545512797315509,0.9297195433594736,0.7059311294775973,0.9397893323293173,2879228,2181143,34561979,217650,12,21,3:00:33.844708
240720162019,cuda:1,PointNet2BinSeg,"[0, 1, 2, 3, 4, 5, 6, 7, 8, 9]",[7],True,adam,plateau,roc,loss,0.5653778361013536,0.1,0.5386925949812638,0.9194408045780299,0.7001952134406981,0.9387962600401606,2847396,2188875,34554247,249482,10,19,2:44:35.117993
240720190455,cuda:1,PointNet2BinSeg,"[0, 1, 2, 3, 4, 5, 6, 7, 8, 9]","[0, 1, 2]",True,adam,plateau,pr,precision,0.5804448293915753,0.1,0.408644769121066,0.5799466430385698,0.5801956292728689,0.9347628012048192,1796024,1298196,35444926,1300854,16,24,3:24:05.016326
240720222901,cuda:1,PointNet2BinSeg,"[0, 1, 2, 3, 4, 5, 6, 7, 8, 9]","[4, 5, 6]",True,adam,plateau,pr,precision,0.7835622640763094,0.1,0.5980521362210742,0.7163979336609321,0.7484763765408713,0.9625725903614458,2218597,612827,36130295,878281,23,32,4:26:49.208260
240721025551,cuda:1,PointNet2BinSeg,"[0, 1, 2, 3, 4, 5, 6, 7, 8, 9]","[0, 1, 2, 4, 5, 6]",True,adam,plateau,pr,precision,0.8189996219769683,0.1,0.6189827006825627,0.7170760359303789,0.7646563492267087,0.965688780120482,2220697,490778,36252344,876181,28,37,5:06:57.710428
240721080249,cuda:1,PointNet2BinSeg,"[0, 1, 2, 3, 4, 5, 6, 7, 8, 9]","[0, 1, 2, 7]",True,adam,plateau,pr,precision,0.8644309594695164,0.1,0.7314821829034199,0.826270844379404,0.8449202540182548,0.9764225652610442,2558860,401307,36341815,538018,23,32,4:27:09.257913
240721122959,cuda:1,PointNet2BinSeg,"[0, 1, 2, 3, 4, 5, 6, 7, 8, 9]",[7],True,adam,plateau,pr,precision,0.8429400056611149,0.1,0.6867820097265269,0.7875615377809523,0.8143103326527332,0.9720798945783132,2438982,454441,36288681,657896,23,32,4:27:00.245945
240721165700,cuda:1,PointNet2BinSeg,"[0, 1, 2, 3, 4, 5, 6, 7, 8, 9]","[0, 1, 2]",True,adam,plateau,roc,precision,0.342608600850425,0.1,0.32015324311496357,0.8300672483707786,0.48502436332246857,0.8629840361445783,2570617,4932455,31810667,526261,19,24,3:24:20.686256
240721202121,cuda:1,PointNet2BinSeg,"[0, 1, 2, 3, 4, 5, 6, 7, 8, 9]","[4, 5, 6]",True,adam,plateau,roc,precision,0.49039062501429814,0.1,0.4555885466957823,0.8652223303598011,0.6259853414345397,0.9196313002008032,2679488,2784499,33958623,417390,13,22,3:08:25.123301
240721232946,cuda:1,PointNet2BinSeg,"[0, 1, 2, 3, 4, 5, 6, 7, 8, 9]","[0, 1, 2, 4, 5, 6]",True,adam,plateau,roc,precision,0.56638896697216,0.1,0.5415847649708802,0.9251875598586705,0.7026337795717778,0.9391266566265061,2865193,2193509,34549613,231685,42,51,6:56:16.885631
240722062604,cuda:1,PointNet2BinSeg,"[0, 1, 2, 3, 4, 5, 6, 7, 8, 9]","[0, 1, 2, 7]",True,adam,plateau,roc,precision,0.5957965063390065,0.1,0.5693119226781077,0.9275741569412809,0.7255561044952095,0.9454536144578313,2872584,1948834,34794288,224294,24,31,4:19:26.713644
240722104532,cuda:1,PointNet2BinSeg,"[0, 1, 2, 3, 4, 5, 6, 7, 8, 9]",[7],True,adam,plateau,roc,precision,0.6099739711456269,0.1,0.583823592501544,0.9315914285289895,0.7372331050826607,0.9483790411646587,2885025,1844726,34898396,211853,25,31,4:22:55.644070
240722150828,cuda:1,PointNet2BinSeg,"[0, 1, 2, 3, 4, 5, 6, 7, 8, 9]","[0, 1, 2]",True,adam,plateau,pr,miou,0.6653586753297592,0.1,0.4841274707503948,0.6399496525210228,0.6524068589682711,0.9469929969879518,1981846,996767,35746355,1115032,21,30,4:13:57.792952
240722192226,cuda:1,PointNet2BinSeg,"[0, 1, 2, 3, 4, 5, 6, 7, 8, 9]","[4, 5, 6]",True,adam,plateau,pr,miou,0.7858684983190217,0.1,0.5984861772055841,0.7151004979853904,0.7488162059078122,0.962707781124498,2214579,603423,36139699,882299,33,42,5:48:50.787520
240723011118,cuda:1,PointNet2BinSeg,"[0, 1, 2, 3, 4, 5, 6, 7, 8, 9]","[0, 1, 2, 4, 5, 6]",True,adam,plateau,pr,miou,0.80045383131489,0.1,0.6539209761603093,0.7812832794834024,0.7907523824728695,0.9678587098393574,2419539,603170,36139952,677339,25,34,4:45:31.542472
240723055650,cuda:1,PointNet2BinSeg,"[0, 1, 2, 3, 4, 5, 6, 7, 8, 9]","[0, 1, 2, 7]",True,adam,plateau,pr,miou,0.8207886344148079,0.1,0.6972653844027048,0.8224808985048814,0.8216338951001275,0.9722415913654618,2547123,556140,36186982,549755,25,27,3:50:02.876083
240723094654,cuda:1,PointNet2BinSeg,"[0, 1, 2, 3, 4, 5, 6, 7, 8, 9]",[7],True,adam,plateau,pr,miou,0.8339723238186085,0.1,0.6943435404797271,0.8057182104041554,0.8196018385777121,0.9724293423694779,2495211,496748,36246374,601667,24,33,4:42:46.282137
240723142940,cuda:1,PointNet2BinSeg,"[0, 1, 2, 3, 4, 5, 6, 7, 8, 9]","[0, 1, 2]",True,adam,plateau,roc,miou,0.38676575729940754,0.1,0.364252415301763,0.8622141395301979,0.5339956319171227,0.8830225401606425,2670172,4233676,32509446,426706,32,39,5:28:41.785440
240723195823,cuda:1,PointNet2BinSeg,"[0, 1, 2, 3, 4, 5, 6, 7, 8, 9]","[4, 5, 6]",True,adam,plateau,roc,miou,0.4833080086733577,0.1,0.4493837661901886,0.8649055597282166,0.6201032144459941,0.9176231676706827,2678507,2863522,33879600,418371,28,28,3:57:54.437004
240723235618,cuda:1,PointNet2BinSeg,"[0, 1, 2, 3, 4, 5, 6, 7, 8, 9]","[0, 1, 2, 4, 5, 6]",True,adam,plateau,roc,miou,0.40485848757694415,0.1,0.38656623655596173,0.8953513829088521,0.5575878401830101,0.8895560240963856,2772794,4076004,32667118,324084,16,22,3:12:14.321243
240724030833,cuda:1,PointNet2BinSeg,"[0, 1, 2, 3, 4, 5, 6, 7, 8, 9]","[0, 1, 2, 7]",True,adam,plateau,roc,miou,0.601111352510428,0.1,0.5761315477064278,0.9327232135072806,0.7310703837440589,0.9466582831325301,2888530,1916786,34826336,208348,29,29,4:05:54.302794
240724071427,cuda:1,PointNet2BinSeg,"[0, 1, 2, 3, 4, 5, 6, 7, 8, 9]",[7],True,adam,plateau,roc,miou,0.5985600359526747,0.1,0.5752897674819852,0.9366994760529798,0.7303923117605907,0.9462459588353413,2900844,1945527,34797595,196034,23,32,4:47:11.707817
240724123601,cuda:1,PointNet2BinSeg,"[0, 1, 2, 3, 4, 5, 6, 7, 8, 9]","[0, 1, 2]",False,adam,plateau,pr,loss,0.1829534999014966,0.1,0.1447404779021195,0.40932481034125334,0.25287911224625265,0.8119900853413654,1267629,5661066,31082056,1829249,6,15,2:25:09.305290
240724150112,cuda:1,PointNet2BinSeg,"[0, 1, 2, 3, 4, 5, 6, 7, 8, 9]","[4, 5, 6]",False,adam,plateau,pr,loss,0.6465290736191345,0.1,0.4942230102559861,0.6772052370161176,0.6615117112556272,0.9461282379518072,2097222,1146595,35596527,999656,10,19,2:51:36.168741
240724175248,cuda:1,PointNet2BinSeg,"[0, 1, 2, 3, 4, 5, 6, 7, 8, 9]","[0, 1, 2, 4, 5, 6]",False,adam,plateau,pr,loss,0.6797329821313555,0.1,0.5395465348332443,0.7234621447793552,0.7009161758032669,0.9520070532128514,2240474,1055635,35687487,856404,20,29,4:10:08.167815
240724220257,cuda:1,PointNet2BinSeg,"[0, 1, 2, 3, 4, 5, 6, 7, 8, 9]","[0, 1, 2, 7]",False,adam,plateau,pr,loss,0.7494548406400344,0.1,0.5694002828780357,0.703269227912756,0.7256278580934676,0.9586588604417671,2177939,728092,36015030,918939,16,25,3:32:45.969501
240725013543,cuda:1,PointNet2BinSeg,"[0, 1, 2, 3, 4, 5, 6, 7, 8, 9]",[7],False,adam,plateau,pr,loss,0.8227462029473437,0.1,0.7055589692026961,0.8320337449521744,0.8273639105337137,0.9730095130522088,2576707,555130,36187992,520171,34,43,5:54:52.789135
240725081457,cuda:1,PointNetBinSeg,"[0, 1, 2, 3, 4, 5, 6, 7, 8, 9]","[0, 1, 2]",True,adam,plateau,pr,loss,0.8313271693345577,0.1,0.6753099279491364,0.7825303418474994,0.8061910416490283,0.9707536395582329,2423401,491698,36251424,673477,32,41,2:28:30.949312
240727093742,cuda:1,PointNetBinSeg,"[0, 1, 2, 3, 4, 5, 6, 7, 8, 9]","[0, 1, 2]",False,adamw,onecycle,pr,loss,0.08753709665838269,0.1,0.083832111155048,0.6645069647561189,0.15469575092346632,0.43549347389558235,2057897,21450959,15292163,1038981,21,30,3:23:20.566289
240727131722,cuda:1,PointNetBinSeg,"[0, 1, 2, 3, 4, 5, 6, 7, 8, 9]","[0, 1, 2]",False,adamw,onecycle,pr,loss,,0.1,,,,,,,,,,8,1:04:41.811607
240727145632,cuda:1,PointNetBinSeg,"[0, 1, 2, 3, 4, 5, 6, 7, 8, 9]","[0, 1, 2]",False,adamw,plateau,pr,miou,0.07890881562500142,0.1,0.07863182296412559,0.9572656720736173,0.14579918984411572,0.1280890813253012,2964535,34604588,2138534,132343,2,11,1:22:19.127514
